[
    {
        "id": 1,
        "estado": "Acre",
        "uf": "AC",
        "capital": "Rio Branco"
    },
    {
        "id": 2,
        "estado": "Alagoas",
        "uf": "AL",
        "capital": "Maceió"
    },
    {
        "id": 3,
        "estado": "Amapá",
        "uf": "AP",
        "capital": "Macapá"
    },
    {
        "id": 4,
        "estado": "Amazonas",
        "uf": "AM",
        "capital": "Manaus"
    },
    {
        "id": 5,
        "estado": "Bahia",
        "uf": "BA",
        "capital": "Salvador"
    },
    {
        "id": 6,
        "estado": "Ceará",
        "uf": "CE",
        "capital": "Fortaleza"
    },
    {
        "id": 7,
        "estado": "Distrito Federal",
        "uf": "DF",
        "capital": "Brasília"
    },
    {
        "id": 8,
        "estado": "Espírito Santo",
        "uf": "ES",
        "capital": "Vitória"
    },
    {
        "id": 9,
        "estado": "Goiás",
        "uf": "GO",
        "capital": "Goiânia"
    },
    {
        "id": 10,
        "estado": "Maranhão",
        "uf": "MA",
        "capital": "São Luís"
    },
    {
        "id": 11,
        "estado": "Mato Grosso",
        "uf": "MT",
        "capital": "Cuiabá"
    },
    {
        "id": 12,
        "estado": "Mato Grosso do Sul",
        "uf": "MS",
        "capital": "Campo Grande"
    },
    {
        "id": 13,
        "estado": "Minas Gerais",
        "uf": "MG",
        "capital": "Belo Horizonte"
    },
    {
        "id": 14,
        "estado": "Pará",
        "uf": "PA",
        "capital": "Belém"
    },
    {
        "id": 15,
        "estado": "Paraíba",
        "uf": "PB",
        "capital": "João Pessoa"
    },
    {
        "id": 16,
        "estado": "Paraná",
        "uf": "PR",
        "capital": "Curitiba"
    },
    {
        "id": 17,
        "estado": "Pernambuco",
        "uf": "PE",
        "capital": "Recife"
    },
    {
        "id": 18,
        "estado": "Piauí",
        "uf": "PI",
        "capital": "Teresina"
    },
    {
        "id": 19,
        "estado": "Rio de Janeiro",
        "uf": "RJ",
        "capital": "Rio de Janeiro"
    },
    {
        "id": 20,
        "estado": "Rio Grande do Norte",
        "uf": "RN",
        "capital": "Natal"
    },
    {
        "id": 21,
        "estado": "Rio Grande do Sul",
        "uf": "RS",
        "capital": "Porto Alegre"
    },
    {
        "id": 22,
        "estado": "Rondônia",
        "uf": "RO",
        "capital": "Porto Velho"
    },
    {
        "id": 23,
        "estado": "Roraima",
        "uf": "RR",
        "capital": "Boa Vista"
    },
    {
        "id": 24,
        "estado": "Santa Catarina",
        "uf": "SC",
        "capital": "Florianópolis"
    },
    {
        "id": 25,
        "estado": "São Paulo",
        "uf": "SP",
        "capital": "São Paulo"
    },
    {
        "id": 26,
        "estado": "Sergipe",
        "uf": "SE",
        "capital": "Aracaju"
    },
    {
        "id": 27,
        "estado": "Tocantins",
        "uf": "TO",
        "capital": "Palmas"
    }
]